<?xml version="1.0" encoding="Windows-1252" ?>
<XML_DIZ_INFO>
<MASTER_PAD_VERSION_INFO>
    <MASTER_PAD_VERSION>1.15</MASTER_PAD_VERSION>
    <MASTER_PAD_INFO>Portable Application Description, or PAD for short, is a data set that is used by shareware authors to disseminate information to anyone interested in their software products. To find out more go to http://www.asp-shareware.org/pad</MASTER_PAD_INFO>
</MASTER_PAD_VERSION_INFO>
<Company_Info>
        <Company_Name>SmartLine Inc.</Company_Name>
        <Address_1>B. Semenovskaya 40, #904</Address_1>
        <Address_2 />
        <City_Town>Moscow</City_Town>
        <State_Province />
        <Zip_Postal_Code>105023</Zip_Postal_Code>
        <Country>RUSSIA</Country>
        <Company_WebSite_URL>http://www.ntutility.com</Company_WebSite_URL>
<Contact_Info>
        <Author_First_Name>Ashot</Author_First_Name>
        <Author_Last_Name>Oganesyan</Author_Last_Name>
        <Author_Email>ashot@protect-me.com</Author_Email>
        <Contact_First_Name>Ashot</Contact_First_Name>
        <Contact_Last_Name>Oganesyan</Contact_Last_Name>
        <Contact_Email>ashot@protect-me.com</Contact_Email>
    </Contact_Info>
<Support_Info>
        <Sales_Email>sales@protect-me.com</Sales_Email>
        <Support_Email>support@protect-me.com</Support_Email>
        <General_Email>info@protect-me.com</General_Email>
        <Sales_Phone />
        <Support_Phone />
        <General_Phone>1 (646) 349-2996</General_Phone>
        <Fax_Phone>1 (646) 349-2996</Fax_Phone>
    </Support_Info>
</Company_Info>
<Program_Info>
        <Program_Name>Remote Task Manager</Program_Name>
        <Program_Version>3.7.51</Program_Version>
        <Program_Release_Month>11</Program_Release_Month>
        <Program_Release_Day>25</Program_Release_Day>
        <Program_Release_Year>2002</Program_Release_Year>
        <Program_Cost_Dollars>40</Program_Cost_Dollars>
        <Program_Cost_Other_Code>EUR</Program_Cost_Other_Code>
        <Program_Cost_Other>42</Program_Cost_Other>
        <Program_Type>Demo</Program_Type>
        <Program_Release_Status>Minor Update</Program_Release_Status>
        <Program_Install_Support>Install and Uninstall</Program_Install_Support>
        <Program_OS_Support>WinNT 4.x,WinXP,Windows2000</Program_OS_Support>
        <Program_Language>English</Program_Language>
<File_Info>
        <Filename_Versioned>rtm3751.zip</Filename_Versioned>
        <Filename_Previous>rtm375.zip</Filename_Previous>
        <Filename_Generic>rtm.zip</Filename_Generic>
        <Filename_Long>rtm.zip</Filename_Long>
        <File_Size_Bytes>1964576</File_Size_Bytes>
        <File_Size_K>1919</File_Size_K>
        <File_Size_MB>1.92</File_Size_MB>
    </File_Info>
<Expire_Info>
        <Has_Expire_Info>Y</Has_Expire_Info>
        <Expire_Count>30</Expire_Count>
        <Expire_Based_On>Days</Expire_Based_On>
        <Expire_Other_Info />
        <Expire_Month />
        <Expire_Day />
        <Expire_Year />
    </Expire_Info>
        <Program_Change_Info />
        <Program_Specific_Category>Internet</Program_Specific_Category>
        <Program_Categories>Remote Control,Networking</Program_Categories>
        <Program_System_Requirements>Win NT 4.0 or later, 32MB RAM, 1MB HDD</Program_System_Requirements>
        <Includes_JAVA_VM>N</Includes_JAVA_VM>
        <Includes_VB_Runtime>N</Includes_VB_Runtime>
        <Includes_DirectX>N</Includes_DirectX>
</Program_Info>
<Program_Descriptions>
<English>
        <Keywords>remote, control, services, manager, processes, viewer, events, reader, devices, performance, monitor, administrator, tasks, security, sacl, shares</Keywords>
        <Char_Desc_45>Manager for tasks, processes, services, etc.</Char_Desc_45>
        <Char_Desc_80>Lets you remotely manage over a network: tasks, processes, services and events.</Char_Desc_80>
        <Char_Desc_250>RTM enables a Systems Administrator to control most aspects of a remote environment. The simple-to-use, tabbed interface separates applications, services, devices, processes, events and performance monitor, making each of these very easy to control.</Char_Desc_250>
        <Char_Desc_450>The systems control interface that can be run from any remote Windows 2000/NT computer. This enables a Systems Administrator to control most aspects of a remote environment. The simple-to-use, tabbed interface separates applications, services, devices, processes, events, shares and performance monitor, making each of these very easy to control.</Char_Desc_450>
        <Char_Desc_2000>Remote Task Manager (RTM) is a systems control interface that can be run from any remote Windows 2000/NT computer. This enables a Systems Administrator to control most aspects of a remote environment. The simple-to-use, tabbed interface separates applications, services, devices, processes, events, shared resources and performance monitor, making each of these very easy to control. A Systems Administrator can start or stop services or devices, add new services or devices, manage the run level and adjust the security (permissions, auditing and owner). The Process Function and the Task Manager allows remote termination and adjusting of priority. An Event Viewer lets the Administrator view all events as though they were being run on the host computer. The Performance Monitor displays a dynamic overview of the computer&apos;s performance (CPU and memory usage). RTM even supports remote installs, enabling a Systems Administrator to set up a service on remote machines without ever having to physically go to them. RTM adds the ability to lock/shutdown/reboot and to create processes on remote computers. This program is for Systems Administrators looking to simplify task and process administration across a disparate group of Windows NT/2000 machines.</Char_Desc_2000>
</English>
</Program_Descriptions>
<Web_Info>
<Application_URLs>
        <Application_Info_URL>http://www.ntutility.com/rtm/</Application_Info_URL>
        <Application_Order_URL>http://www.ntutility.com/rtm/register.html</Application_Order_URL>
        <Application_Screenshot_URL>http://www.ntutility.com/img/rtm3_big.gif</Application_Screenshot_URL>
        <Application_Icon_URL>http://www.ntutility.com/img/rtmicon.gif</Application_Icon_URL>
        <Application_XML_File_URL>http://www.ntutility.com/rtm/rtm.xml</Application_XML_File_URL>
    </Application_URLs>
<Download_URLs>
        <Primary_Download_URL>http://www.protect-me.com/rtm.zip</Primary_Download_URL>
        <Secondary_Download_URL>http://www.smartline.ru/software/rtm.zip</Secondary_Download_URL>
        <Additional_Download_URL_1 />
        <Additional_Download_URL_2 />
    </Download_URLs>
</Web_Info>
<Permissions>
        <Distribution_Permissions>You may include the evaluation copy of Remote Task Manager on any CD compilation.
You may not sell the evaluation copy.
You must disclose that Remote Task Manager is shareware and that the product is not free.</Distribution_Permissions>
        <EULA>Remote Task Manager (RTM) is shareware. This means: 

All copyrights to RTM are exclusively owned by SmartLine, Inc.

Anyone may use this software during a trial period of 30 days only, on one computer of a local network, at any single time. Following this trial period of 30 days, if you wish to continue to use RTM then you MUST register.

A registered user is granted a non-exclusive license to use RTM on one computer at a time, for any legal purpose. The registered RTM software may not be rented nor leased, but may be permanently transferred, if the person receiving it agrees to the terms of this license. If the software is an update, the transfer must include all updates and all previous versions of the RTM software.

An unregistered, shareware version of RTM may be freely distributed, provided the distribution package is not modified. No person nor company may charge a fee for the distribution of RTM without written permission from the copyright holder SmartLine Inc.

To register, you must complete the registration form and send it, with the registration fee, to one of the authorized registration sites.

RTM IS DISTRIBUTED &quot;AS IS&quot;. NO WARRANTY OF ANY KIND IS EXPRESSED OR IMPLIED. YOU USE IT AT YOUR OWN RISK. THE AUTHOR OR SMARTLINE, INC. WILL NOT BE HELD LIABLE FOR DATA LOSS, DAMAGES, LOSS OF PROFITS NOR ANY OTHER KIND OF LOSS AS A RESULT OF OR WHILE USING OR MISUSING THIS SOFTWARE.

You may not use, copy, emulate, clone, rent, lease, sell, modify, decompile, disassemble, otherwise reverse engineer, nor transfer the licensed program, nor any subset of the licensed program, except as provided for in this agreement. Any such unauthorized use shall result in immediate and automatic termination of this license and may result in criminal and/or civil prosecution. All rights not expressly granted here are reserved by SmartLine, Inc.

Installing and using RTM signifies acceptance of these terms and conditions of the license.

If you do not agree with the terms of this license you must remove RTM files from your storage devices and cease to use the product.</EULA>
</Permissions>
<ASP>
    <ASP_FORM>Y</ASP_FORM>
    <ASP_Member>Y</ASP_Member>
    <ASP_Member_Number>03636</ASP_Member_Number>
</ASP>
<Download.lv>
    <downloadlv_program_category>Internet - Networking</downloadlv_program_category>
</Download.lv>
<MSN>
    <MSN_FORM>Y</MSN_FORM>
    <MSN_IS_32bit>Y</MSN_IS_32bit>
</MSN>
<Simtel>
    <Simtel_Email>ashot@protect-me.com</Simtel_Email>
    <Simtel_FORM>Y</Simtel_FORM>
    <Simtel_DOS_Category />
    <Simtel_Win31_Category />
    <Simtel_Platform>winnt - Windows NT / Windows 2000</Simtel_Platform>
    <Simtel_Category>MIS - network Network Utilities</Simtel_Category>
    <SIMTEL_FORM_VER>1.1 12/07/2001</SIMTEL_FORM_VER>
</Simtel>
<ZDNET>
    <ZDNET_FORM>Y</ZDNET_FORM>
    <ZDNET_Product_ID_Code>000U8H</ZDNET_Product_ID_Code>
</ZDNET>
</XML_DIZ_INFO>
