<?xml version="1.0" encoding="Windows-1252" ?>
<XML_DIZ_INFO>
<MASTER_PAD_VERSION_INFO>
    <MASTER_PAD_VERSION>1.15</MASTER_PAD_VERSION>
    <MASTER_PAD_INFO>Portable Application Description, or PAD for short, is a data set that is used by shareware authors to disseminate information to anyone interested in their software products. To find out more go to http://www.asp-shareware.org/pad</MASTER_PAD_INFO>
</MASTER_PAD_VERSION_INFO>
<Company_Info>
        <Company_Name>SmartLine Inc.</Company_Name>
        <Address_1>B. Semenovskaya 40, #904</Address_1>
        <Address_2 />
        <City_Town>Moscow</City_Town>
        <State_Province />
        <Zip_Postal_Code>105023</Zip_Postal_Code>
        <Country>RUSSIA</Country>
        <Company_WebSite_URL>http://www.ntutility.com</Company_WebSite_URL>
<Contact_Info>
        <Author_First_Name>Ashot</Author_First_Name>
        <Author_Last_Name>Oganesyan</Author_Last_Name>
        <Author_Email>ashot@protect-me.com</Author_Email>
        <Contact_First_Name>Ashot</Contact_First_Name>
        <Contact_Last_Name>Oganesyan</Contact_Last_Name>
        <Contact_Email>ashot@protect-me.com</Contact_Email>
    </Contact_Info>
<Support_Info>
        <Sales_Email>sales@protect-me.com</Sales_Email>
        <Support_Email>support@protect-me.com</Support_Email>
        <General_Email>info@protect-me.com</General_Email>
        <Sales_Phone />
        <Support_Phone />
        <General_Phone>1 (646) 349-2996</General_Phone>
        <Fax_Phone>1 (646) 349-2996</Fax_Phone>
    </Support_Info>
</Company_Info>
<Program_Info>
        <Program_Name>Active Registry Monitor</Program_Name>
        <Program_Version>1.32</Program_Version>
        <Program_Release_Month>12</Program_Release_Month>
        <Program_Release_Day>20</Program_Release_Day>
        <Program_Release_Year>2002</Program_Release_Year>
        <Program_Cost_Dollars>40</Program_Cost_Dollars>
        <Program_Cost_Other_Code />
        <Program_Cost_Other />
        <Program_Type>Demo</Program_Type>
        <Program_Release_Status>Minor Update</Program_Release_Status>
        <Program_Install_Support>Install and Uninstall</Program_Install_Support>
        <Program_OS_Support>Win95,Win98,WinME,WinNT 4.x,WinXP,Windows2000</Program_OS_Support>
        <Program_Language>English</Program_Language>
<File_Info>
        <Filename_Versioned>arm132.zip</Filename_Versioned>
        <Filename_Previous>arm130.zip</Filename_Previous>
        <Filename_Generic>arm.zip</Filename_Generic>
        <Filename_Long>arm.zip</Filename_Long>
        <File_Size_Bytes>1048427</File_Size_Bytes>
        <File_Size_K>1024</File_Size_K>
        <File_Size_MB>1.02</File_Size_MB>
    </File_Info>
<Expire_Info>
        <Has_Expire_Info>Y</Has_Expire_Info>
        <Expire_Count>30</Expire_Count>
        <Expire_Based_On>Days</Expire_Based_On>
        <Expire_Other_Info />
        <Expire_Month />
        <Expire_Day />
        <Expire_Year />
    </Expire_Info>
        <Program_Change_Info />
        <Program_Specific_Category>Utilities</Program_Specific_Category>
        <Program_Categories>System/Registry</Program_Categories>
        <Program_System_Requirements>Win95 or later, 16MB RAM</Program_System_Requirements>
        <Includes_JAVA_VM>N</Includes_JAVA_VM>
        <Includes_VB_Runtime>N</Includes_VB_Runtime>
        <Includes_DirectX>N</Includes_DirectX>
</Program_Info>
<Program_Descriptions>
<English>
        <Keywords>regmon,registry monitor,windows registry,registry,analyse</Keywords>
        <Char_Desc_45>A tool to analyse the changes in the Registry</Char_Desc_45>
        <Char_Desc_80>Utility designed for analysing the changes made in Windows Registry</Char_Desc_80>
        <Char_Desc_250>Active Registry Monitor is an utility designed for analysing the changes made to Windows Registry - by making the &quot;snapshots&quot; of it and keeping them in the browsable database. You can compare any two snapshots and see the difference between them.</Char_Desc_250>
        <Char_Desc_450>Active Registry Monitor (ARM) is an utility designed for analysing the changes made to Windows Registry - by making the &quot;snapshots&quot; of it and keeping them in the browsable database. You can compare any two snapshots and get the list of keys/data which are new, deleted or just changed. ARM can do comparing not only in the entire Regisrty, but also in any key of the Registry.</Char_Desc_450>
        <Char_Desc_2000>Active Registry Monitor (ARM) is an utility designed for analysing the changes made to Windows Registry - by making the &quot;snapshots&quot; of it and keeping them in the browsable database. You can compare any two snapshots and get the list of keys/data which are new, deleted or just changed. ARM can do comparing not only in the entire Regisrty, but also in any key of the Registry. It is also possible to exclude any keys of the Registry from compare results. Moreover, you can create undo/redo files (for example, to rollback the changes). To view the current state of a key, or to modify it, you can use Jump to Regedit function. Contents of any key can be exported to *.reg file. Very useful for detecting trojan viruses and elimination some problems caused by software and hardware install/uninstall. Unlike Registry monitoring software (such as RegMon and Win-Expose Registry), and most uninstallers (CleenSweep, Uninstall, etc.), ARM compares full copies of the Registry made at different times, while the software mantioned above just monitors all accesses to the Registry in real time. So, our method allows to track all the changes, and doesn&apos;t affect the system performance.</Char_Desc_2000>
</English>
</Program_Descriptions>
<Web_Info>
<Application_URLs>
        <Application_Info_URL>http://www.protect-me.com/arm/index.htm</Application_Info_URL>
        <Application_Order_URL>http://www.protect-me.com/arm/register.html</Application_Order_URL>
        <Application_Screenshot_URL>http://www.protect-me.com/img/arm.gif</Application_Screenshot_URL>
        <Application_Icon_URL>http://www.protect-me.com/img/armicon.gif</Application_Icon_URL>
        <Application_XML_File_URL>http://www.protect-me.com/arm/arm.xml</Application_XML_File_URL>
    </Application_URLs>
<Download_URLs>
        <Primary_Download_URL>http://www.protect-me.com/arm.zip</Primary_Download_URL>
        <Secondary_Download_URL />
        <Additional_Download_URL_1 />
        <Additional_Download_URL_2 />
    </Download_URLs>
</Web_Info>
<Permissions>
        <Distribution_Permissions>You may include the evaluation copy of Active Registry Monitor on any CD compilation.
You may not sell the evaluation copy.
You must disclose that Active Registry Monitor is not free.</Distribution_Permissions>
        <EULA>1. All copyrights to Active Registry Monitor are exclusively owned by the author -
      SmartLine Inc.

   2. Anyone may use this software during a test period of 30 days only on
      the one computer at local network, at a time. Following this test
      period of 30 days or less, if you wish to continue to use
      Active Registry Monitor, you MUST register.

   3. Once registered, the user is granted a non-exclusive license
      to use Active Registry Monitor on one computer, for any legal purpose, at a time.
      The registeredActive Registry Monitor software may not be rented or leased, but
      may be permanently transferred, if the person receiving it agrees to
      terms of this license.  If the software is an update, the transfer
      must include the update and all previous versions. 

   4. The Active Registry Monitor unregistered trial version, may be freely
      distributed, provided the distribution package is not modified. No
      person or company may charge a fee for the distribution of Active Registry Monitor
      without written permission from the copyright holder.

   5. To register you must complete the registration form and send it, with
      registration fee, to one of the authorized registration sites (see
      register.txt).

   6. Active Registry Monitor IS DISTRIBUTED &quot;AS IS&quot;.  NO WARRANTY OF ANY KIND IS
      EXPRESSED OR IMPLIED.  YOU USE AT YOUR OWN RISK. THE AUTHOR WILL NOT
      BE LIABLE FOR DATA LOSS, DAMAGES, LOSS OF PROFITS OR ANY OTHER KIND
      OF LOSS WHILE USING OR MISUSING THIS SOFTWARE.

   7. You may not use, copy, emulate, clone, rent, lease, sell, modify,
      decompile, disassemble, otherwise reverse engineer, or transfer the
      licensed program, or any subset of the licensed program, except as 
      provided for in this agreement.  Any such unauthorized use shall 
      result in immediate and automatic termination of this license and may
      result in criminal and/or civil prosecution.

      All rights not expressly granted here are reserved by SmartLine Inc.

   8. Installing and using Active Registry Monitor signifies acceptance of these terms
      and conditions of the license.

   9. If you do not agree with the terms of this license you must remove
      Active Registry Monitor files from your storage devices and cease to use the
      product.</EULA>
</Permissions>
<ASP>
    <ASP_FORM>Y</ASP_FORM>
    <ASP_Member>Y</ASP_Member>
    <ASP_Member_Number>03636</ASP_Member_Number>
</ASP>
<Download.lv>
    <downloadlv_program_category>Utilities - System</downloadlv_program_category>
</Download.lv>
<MSN>
    <MSN_FORM>Y</MSN_FORM>
    <MSN_IS_32bit>Y</MSN_IS_32bit>
</MSN>
<Simtel>
    <Simtel_Email>ashot@protect-me.com</Simtel_Email>
    <Simtel_FORM>Y</Simtel_FORM>
    <Simtel_DOS_Category />
    <Simtel_Win31_Category />
    <Simtel_Platform>win95 - Win95/Win98/WinME</Simtel_Platform>
    <Simtel_Category>Utilities/Drivers/Systems Files - util Miscellaneous Utilities</Simtel_Category>
    <SIMTEL_FORM_VER>1.1 12/07/2001</SIMTEL_FORM_VER>
</Simtel>
<ZDNET>
    <ZDNET_FORM>Y</ZDNET_FORM>
    <ZDNET_Product_ID_Code>001F8R</ZDNET_Product_ID_Code>
</ZDNET>
</XML_DIZ_INFO>
