﻿<?xml version="1.0" encoding="utf-8"?>
<manufacturers>
  <!--
  <manufacturer folder="" regex="" web="" fullname=""/>
  -->
  <manufacturer folder="AData" regex="^ADATA.*" web="www.adata.com/tw" fullname="A-DATA Technology"/>
  <manufacturer folder="AMD" regex="^Radeon.*" web="www.amd.com" fullname="Advanced Micro Devices Inc."/>
  <manufacturer folder="Apacer" regex="^Apacer.*" web="www.apacer.com" fullname="Apacer Technology Inc."/>
  <manufacturer folder="Apple" regex="^Apple.*" web="www.apple.com" fullname="Apple Inc."/>
  <manufacturer folder="ASAX" regex="^TS(18|25)M.*" web="" fullname="ASAX"/>
  <manufacturer folder="Asus" regex="^Asus-Phison.*" web="www.asus.com" fullname="ASUSTek Computer Inc."/>
  <manufacturer folder="ATP" regex="^ATP.*" web="www.atpinc.com" fullname="ATP Electronics Inc."/>
  <manufacturer folder="Conner" regex="^Conner.*" web="www.seagate.com" fullname="Seagate Technology"/>
  <manufacturer folder="Corsair" regex="^Corsair.*" web="www.corsair.com" fullname="Corsair Memory"/>
  <manufacturer folder="Crucial" regex="^Crucial.*" web="www.crucial.com" fullname="Crucial"/>
  <manufacturer folder="ExcelStor" regex="^ExcelStor.*" web="www.excelstor.com/eng" fullname="ExcelStor Technology"/>
  <manufacturer folder="Fixstars" regex="^FIXSTARS.*" web="www.fixstars.com" fullname="Fixtars Corporation"/>
  <manufacturer folder="Fujitsu" regex="^Fujitsu.*" web="www.toshibastorage.com" fullname="Toshiba Corporation"/>
  <manufacturer folder="G.Skill" regex="^(G.SKILL|FM-25S2I).*" web="www.gskill.com" fullname="G.Skill International Enterprise Co."/>
  <manufacturer folder="HGST" regex="^(Hitachi|HD|HU|HT|HE|HD|s230|MACH16).*" web="www.hgst.com" fullname="HGST"/>
  <manufacturer folder="HP" regex="^(HP|VB|MM|GB).*" web="www.hp.com" fullname="Hewlett-Packard Company"/>
  <manufacturer folder="IBM" regex="^(IBM|IC|DT).*" web="www.hgst.com" fullname="HGST"/>
  <manufacturer folder="Intel" regex="^(Intel|SSDSA|2CV).*" web="www.intel.com" fullname="Intel Corporation"/>
  <manufacturer folder="Intenso" regex="^INTENSO.*" web="www.intenso.de" fullname="Intenso GmbH"/>
  <manufacturer folder="JMicron" regex="^JMicron.*" web="www.jmicron.com" fullname="JMicron Technology Corporation"/>
  <manufacturer folder="Kingston" regex="^Kingston.*" web="www.kingston.com" fullname="Kingston Technology Corporation"/>
  <manufacturer folder="LiteOn" regex="^LITEONIT.*" web="www.liteonssd.com" fullname="Lite-On IT Corporation"/>
  <manufacturer folder="Marvell" regex="^Marvell.*" web="www.marvell.com" fullname="Marvell Technology"/>
  <manufacturer folder="Maxtor" regex="^(Maxtor|STM).*" web="www.seagate.com" fullname="Seagate Technology"/>
  <manufacturer folder="Micron" regex="^(C200|C300|C400|C500|P300|P320|P322|P400|P410|P420|M500).*" web="www.micron.com" fullname="Micron Technology Inc."/>
  <manufacturer folder="Mushkin" regex="^(MKNSSD|Mushkin).*" web="www.mushkin.com" fullname="Mushkin Inc."/>
  <manufacturer folder="OCZ" regex="^(Indilinx|OCZ|D2CSTK|APOC|DENC|DENEVA|FTNC|GFGC|MANG|MMOC|NIMC|TMSC|DENR|DRSAK|EC188|NIMR|PSIR|TRSAK).*" web="http://ocz.com" fullname="OCZ Storage Solutions"/>
  <manufacturer folder="OWC" regex="^OWC.*" web="www.macsales.com" fullname="Other World Computing"/>
  <manufacturer folder="Patriot" regex="^Patriot.*" web="http://patriotmemory.com" fullname="Patriot Memory"/>
  <manufacturer folder="Plextor" regex="^PLEXTOR*" web="www.goplextor.com" fullname="Plextor"/>
  <manufacturer folder="PNY" regex="^SSD9.*" web="www.pny.com" fullname="PNY Technologies Inc."/>
  <manufacturer folder="Quantum" regex="^Quantum.*" web="www.seagate.com" fullname="Seagate Technology"/>
  <manufacturer folder="Renice" regex="^Renice.*" web="www.renice-tech.com" fullname="Renice Technology"/>
  <manufacturer folder="Samsung" regex="^Samsung.*" web="www.samsung.com" fullname="Samsung Electronics"/>
  <manufacturer folder="SanDisk" regex="^SanDisk*" web="www.sandisk.com" fullname="SanDisk Corporation"/>
  <manufacturer folder="Seagate" regex="^(SandForce|Seagate|ST(1|2|3|5|7|6|9)).*" web="www.seagate.com" fullname="Seagate Technology"/>
  <manufacturer folder="SK hynix" regex="^(SK hynix|HCG).*" web="www.skhynix.com" fullname="SK hynix Inc."/>
  <manufacturer folder="SMART" regex="^(SMART|Adtron).*" web="www.smartstoragesys.com" fullname="SMART Modular Tecnology"/>
  <manufacturer folder="sTec" regex="^STEC.*" web="www.stec-inc.com" fullname="sTec Inc."/>
  <manufacturer folder="SiliconPower" regex="^SPCC Solid State Disk.*" web="www.silicon-power.com" fullname="Silicon Power Computer &amp; Communications Inc."/>
  <manufacturer folder="SuperSSpeed" regex="^SuperSSpeed.*" web="www.supersspeedus.com" fullname="SuperSSpeed"/>
  <manufacturer folder="SuperTalent" regex="^(STT_FT|FTM).*" web="www.supertalent.com" fullname="Super Talent Technology"/>
  <manufacturer folder="Toshiba" regex="^(Toshiba|TOS).*" web="www.toshibastorage.com" fullname="Toshiba"/>
  <manufacturer folder="Transcend" regex="^(Transcend|TS(2|4|8|16|32|64|128|192|60|120|256|512)G|[BV]).*" web="www.transcend.com/tw" fullname="Transcend Information Inc."/>
  <manufacturer folder="Unigen" regex="^UGB.*" web="www.unigen.com" fullname="Unigen Corporation"/>
  <manufacturer folder="WD" regex="^WDC.*" web="www.wdc.com" fullname="Western Digital Corporation"/>
</manufacturers>