﻿<?xml version="1.0" encoding="utf-8"?>
<YaffmiPreset>
  <GlobalParams></GlobalParams>
  <InputParams></InputParams>
  <OutputParams></OutputParams>
  <FileFormat>mp3</FileFormat>
  <FilenameExtension>mp3</FilenameExtension>
  <IncludeVideo>false</IncludeVideo>
  <IncludeAudio>true</IncludeAudio>
  <AudioStreams>0</AudioStreams>
  <AudioCodec>mp3</AudioCodec>
  <AudioBitrate>64</AudioBitrate>
  <ChannelCount></ChannelCount>
  <SampleRate></SampleRate>
  <Volume></Volume>
  <AudioFilters></AudioFilters>
  <IncludeSubtitles>false</IncludeSubtitles>
</YaffmiPreset>