﻿<?xml version="1.0" encoding="utf-8"?>
<YaffmiPreset>
  <GlobalParams></GlobalParams>
  <InputParams></InputParams>
  <OutputParams></OutputParams>
  <FileFormat>mpeg</FileFormat>
  <FilenameExtension>mpg</FilenameExtension>
  <IncludeVideo>true</IncludeVideo>
  <VideoStreams>0</VideoStreams>
  <VideoCodec>mpeg2video</VideoCodec>
  <Width>720</Width>
  <Height>480</Height>
  <VideoBitrate>3200</VideoBitrate>
  <DisplayAspectRatio>4:3</DisplayAspectRatio>
  <FrameRate>29.97</FrameRate>
  <CropTop></CropTop>
  <CropLeft></CropLeft>
  <CropRight></CropRight>
  <CropBottom></CropBottom>
  <VideoFilters></VideoFilters>
  <IncludeAudio>true</IncludeAudio>
  <AudioStreams>0</AudioStreams>
  <AudioCodec>mp2</AudioCodec>
  <AudioBitrate>192</AudioBitrate>
  <ChannelCount></ChannelCount>
  <SampleRate>48000</SampleRate>
  <Volume></Volume>
  <AudioFilters></AudioFilters>
  <IncludeSubtitles>false</IncludeSubtitles>
</YaffmiPreset>