<?xml version="1.0" encoding="Windows-1252" ?>
<XML_DIZ_INFO>
<MASTER_PAD_VERSION_INFO>
    <MASTER_PAD_VERSION>1.15</MASTER_PAD_VERSION>
    <MASTER_PAD_INFO>Portable Application Description, or PAD for short, is a data set that is used by shareware authors to disseminate information to anyone interested in their software products. To find out more go to http://www.asp-shareware.org/pad</MASTER_PAD_INFO>
</MASTER_PAD_VERSION_INFO>
<Company_Info>
        <Company_Name>David Crowell</Company_Name>
        <Address_1>1467 Villa Ct.</Address_1>
        <Address_2 />
        <City_Town>Charlestown</City_Town>
        <State_Province>IN</State_Province>
        <Zip_Postal_Code>47111</Zip_Postal_Code>
        <Country>USA</Country>
        <Company_WebSite_URL>http://www.davidcrowell.com</Company_WebSite_URL>
<Contact_Info>
        <Author_First_Name>David</Author_First_Name>
        <Author_Last_Name>Crowell</Author_Last_Name>
        <Author_Email>dave@davidcrowell.com</Author_Email>
        <Contact_First_Name>David</Contact_First_Name>
        <Contact_Last_Name>Crowell</Contact_Last_Name>
        <Contact_Email>dave@davidcrowell.com</Contact_Email>
    </Contact_Info>
<Support_Info>
        <Sales_Email>dave@davidcrowell.com</Sales_Email>
        <Support_Email>support@davidcrowell.com</Support_Email>
        <General_Email>dave@davidcrowell.com</General_Email>
        <Sales_Phone />
        <Support_Phone />
        <General_Phone />
        <Fax_Phone />
    </Support_Info>
</Company_Info>
<Program_Info>
        <Program_Name>CROA</Program_Name>
        <Program_Version>1.3</Program_Version>
        <Program_Release_Month>02</Program_Release_Month>
        <Program_Release_Day>04</Program_Release_Day>
        <Program_Release_Year>2003</Program_Release_Year>
        <Program_Cost_Dollars>0</Program_Cost_Dollars>
        <Program_Cost_Other_Code />
        <Program_Cost_Other />
        <Program_Type>Freeware</Program_Type>
        <Program_Release_Status>Minor Update</Program_Release_Status>
        <Program_Install_Support>Install and Uninstall</Program_Install_Support>
        <Program_OS_Support>Win95,Win98,WinME,WinNT 4.x,WinXP,Windows2000</Program_OS_Support>
        <Program_Language>English</Program_Language>
<File_Info>
        <Filename_Versioned>croa.zip</Filename_Versioned>
        <Filename_Previous />
        <Filename_Generic />
        <Filename_Long />
        <File_Size_Bytes>437233</File_Size_Bytes>
        <File_Size_K>427</File_Size_K>
        <File_Size_MB>.42</File_Size_MB>
    </File_Info>
<Expire_Info>
        <Has_Expire_Info>N</Has_Expire_Info>
        <Expire_Count />
        <Expire_Based_On>Days</Expire_Based_On>
        <Expire_Other_Info />
        <Expire_Month />
        <Expire_Day />
        <Expire_Year />
    </Expire_Info>
        <Program_Change_Info />
        <Program_Specific_Category>Utilities</Program_Specific_Category>
        <Program_Categories>File Utilities</Program_Categories>
        <Program_System_Requirements />
        <Includes_JAVA_VM>N</Includes_JAVA_VM>
        <Includes_VB_Runtime>N</Includes_VB_Runtime>
        <Includes_DirectX>N</Includes_DirectX>
</Program_Info>
<Program_Descriptions>
<English>
        <Keywords>Free, read-only, recurse, clear</Keywords>
        <Char_Desc_45>Clear Read-Only attributes of files</Char_Desc_45>
        <Char_Desc_80>Clear read-only attributes of a folder, all files, and subfolders</Char_Desc_80>
        <Char_Desc_250>CROA adds an entry to the context menu for folders that allows you to clear the read-only flag of that folder, all subfolders, and files.  This is particularly useful after copying files from a CD-ROM to the hard-drive.</Char_Desc_250>
        <Char_Desc_450>CROA adds an entry to the context menu for folders that allows you to clear the read-only flag of that folder, all subfolders, and files.  This is particularly useful after copying files from a CD-ROM to the hard-drive.</Char_Desc_450>
        <Char_Desc_2000>CROA adds an entry to the context menu for folders that allows you to clear the read-only flag of that folder, all subfolders, and files.  This is particularly useful after copying files from a CD-ROM to the hard-drive.</Char_Desc_2000>
</English>
</Program_Descriptions>
<Web_Info>
<Application_URLs>
        <Application_Info_URL>http://www.davidcrowell.com/croa.php</Application_Info_URL>
        <Application_Order_URL />
        <Application_Screenshot_URL />
        <Application_Icon_URL />
        <Application_XML_File_URL>http://www.davidcrowell.com/pad/croa.xml</Application_XML_File_URL>
    </Application_URLs>
<Download_URLs>
        <Primary_Download_URL>http://www.davidcrowell.com/download/croa.zip</Primary_Download_URL>
        <Secondary_Download_URL />
        <Additional_Download_URL_1 />
        <Additional_Download_URL_2 />
    </Download_URLs>
</Web_Info>
<Permissions>
        <Distribution_Permissions>You may redistribute this software only in the original unaltered archive. This software may be published on CD-ROM (only the original archive) provided that the publisher makes a reasonable effort to publish the most recent version.</Distribution_Permissions>
        <EULA>CROA is copyright (C) 2000-2003, by David Crowell.

This license statement constitutes a legal agreement (&quot;License Agreement&quot;) between you (either as an individual or a single entity) and David Crowell for the software product CROA (&quot;Software&quot;) of which David Crowell is the copyright holder.

BY INSTALLING, OR USING THE SOFTWARE, YOU AGREE TO BE BOUND BY ALL OF THE TERMS AND CONDITIONS OF THE LICENSE AGREEMENT.

This program is provided &quot;as is&quot; without warranty of any kind either express or implied, including but not limited to any implied warranty of merchantability or fitness for a particular purpose, all of which the author specifically disclaims, to the maximum extent permitted by law.  The entire risk as to the results and performance of the program is assumed by you. Should the program prove defective, you (not the author) assume the entire cost of all necessary servicing, repair or correction. 

You may redistribute this software only in the original unaltered archive. This software may be published on CD-ROM (only the original archive) provided that the publisher makes a reasonable effort to publish the most recent version.

This software may be used free of charge, by anyone, for any length of time.  No support is offered, however, if you report a bug, I will attempt to have it fixed in a reasonable amount of time.</EULA>
</Permissions>
</XML_DIZ_INFO>
